library,Description,Simple dataset description,Data dictionary URL,table_count,total_estimated_rows,total_table_bytes,size_pretty,total_column_count,commented_table_count,sample_table_names,example_table_comment
taqm_2022,NYSE Millisecond Trades & Quotes 2022,Intraday millisecond trades and quotes for U.S. equities.,https://wrds-www.wharton.upenn.edu/data-dictionary/taqm_2022/,2009,810472380022,11651726311424,10851.52 GiB,45137,252,"complete_nbbo_20220103, complete_nbbo_20220104, complete_nbbo_20220105, complete_nbbo_20220106, complete_nbbo_20220107",TAQ Master file
taqm_2025,NYSE Millisecond Trades & Quotes 2025,Intraday millisecond trades and quotes for U.S. equities.,https://wrds-www.wharton.upenn.edu/data-dictionary/taqm_2025/,2001,698076465513,10224047562752,9521.89 GiB,44958,57,"complete_nbbo_20250102, complete_nbbo_20250103, complete_nbbo_20250106, complete_nbbo_20250107, complete_nbbo_20250108",WRDS Complete NBBO - Supplements NYSE Official NBBOs
taqm_2021,NYSE Millisecond Trades & Quotes 2021,Intraday millisecond trades and quotes for U.S. equities.,https://wrds-www.wharton.upenn.edu/data-dictionary/taqm_2021/,2017,602212211943,8693491810304,8096.45 GiB,45316,254,"complete_nbbo_20210104, complete_nbbo_20210105, complete_nbbo_20210106, complete_nbbo_20210107, complete_nbbo_20210108",TAQ Trades
taqm_2023,NYSE Millisecond Trades & Quotes 2023,Intraday millisecond trades and quotes for U.S. equities.,https://wrds-www.wharton.upenn.edu/data-dictionary/taqm_2023/,2001,591111981195,8516096196608,7931.23 GiB,44958,250,"complete_nbbo_20230103, complete_nbbo_20230104, complete_nbbo_20230105, complete_nbbo_20230106, complete_nbbo_20230109",TAQ Master file
taqm_2024,NYSE Millisecond Trades & Quotes 2024,Intraday millisecond trades and quotes for U.S. equities.,https://wrds-www.wharton.upenn.edu/data-dictionary/taqm_2024/,2017,582007806948,8479647916032,7897.29 GiB,45316,540,"complete_nbbo_20240102, complete_nbbo_20240103, complete_nbbo_20240104, complete_nbbo_20240105, complete_nbbo_20240108",WRDS Complete NBBO - Supplements NYSE Official NBBOs
taqm_2020,NYSE Millisecond Trades & Quotes 2020,Intraday millisecond trades and quotes for U.S. equities.,https://wrds-www.wharton.upenn.edu/data-dictionary/taqm_2020/,2025,477007259993,7071017345024,6585.40 GiB,45495,253,"complete_nbbo_20200102, complete_nbbo_20200103, complete_nbbo_20200106, complete_nbbo_20200107, complete_nbbo_20200108",TAQ Master file
taqm_2016,NYSE Millisecond Trades & Quotes 2016,Intraday millisecond trades and quotes for U.S. equities.,https://wrds-www.wharton.upenn.edu/data-dictionary/taqm_2016/,1513,292072194930,4796171231232,4466.78 GiB,45820,1321,"complete_nbbo_20160104, complete_nbbo_20160105, complete_nbbo_20160106, complete_nbbo_20160107, complete_nbbo_20160108",WRDS Complete NBBO - Supplements NYSE Official NBBOs
taqm_2018,NYSE Millisecond Trades & Quotes 2018,Intraday millisecond trades and quotes for U.S. equities.,https://wrds-www.wharton.upenn.edu/data-dictionary/taqm_2018/,2007,327467488937,4534305587200,4222.90 GiB,44610,251,"complete_nbbo_20180102, complete_nbbo_20180103, complete_nbbo_20180104, complete_nbbo_20180105, complete_nbbo_20180108",TAQ Master file
taqm_2019,NYSE Millisecond Trades & Quotes 2019,Intraday millisecond trades and quotes for U.S. equities.,https://wrds-www.wharton.upenn.edu/data-dictionary/taqm_2019/,2017,301301821632,4436269547520,4131.60 GiB,44812,257,"complete_nbbo_20190102, complete_nbbo_20190103, complete_nbbo_20190104, complete_nbbo_20190107, complete_nbbo_20190108",WRDS Complete NBBO - Supplements NYSE Official NBBOs
taqm_2015,NYSE Millisecond Trades & Quotes 2015,Intraday millisecond trades and quotes for U.S. equities.,https://wrds-www.wharton.upenn.edu/data-dictionary/taqm_2015/,1513,249799499881,3643931303936,3393.68 GiB,34974,1513,"complete_nbbo_20150102, complete_nbbo_20150105, complete_nbbo_20150106, complete_nbbo_20150107, complete_nbbo_20150108",WRDS Complete NBBO - Supplements NYSE Official NBBOs
optionm_all,IvyDB US by OptionMetrics,"Options prices, implied volatility, and option-surface data.",https://wrds-www.wharton.upenn.edu/data-dictionary/optionm_all/,280,16383971143,3107224125440,2893.83 GiB,2490,269,"borrate1996, borrate1997, borrate1998, borrate1999, borrate2000",Borrow Rate File 1996 (Updated 2025-11-13)
taqm_2026,NYSE Millisecond Trades & Quotes 2026,Intraday millisecond trades and quotes for U.S. equities.,https://wrds-www.wharton.upenn.edu/data-dictionary/taqm_2026/,381,111968805013,2765767892992,2575.82 GiB,8728,1,"complete_nbbo_20260102, complete_nbbo_20260105, complete_nbbo_20260106, complete_nbbo_20260107, complete_nbbo_20260108",WRDS Intraday Indicators Dataset Daily Summary
taqm_2017,NYSE Millisecond Trades & Quotes 2017,Intraday millisecond trades and quotes for U.S. equities.,https://wrds-www.wharton.upenn.edu/data-dictionary/taqm_2017/,1507,216747343996,2703960268800,2518.26 GiB,39615,503,"complete_nbbo_20170103, complete_nbbo_20170104, complete_nbbo_20170105, complete_nbbo_20170106, complete_nbbo_20170109",WRDS Complete NBBO - Supplements NYSE Official NBBOs
taqm_2014,NYSE Millisecond Trades & Quotes 2014,Intraday millisecond trades and quotes for U.S. equities.,https://wrds-www.wharton.upenn.edu/data-dictionary/taqm_2014/,1514,221302448182,2521381453824,2348.22 GiB,32742,1514,"complete_nbbo_20140102, complete_nbbo_20140103, complete_nbbo_20140106, complete_nbbo_20140107, complete_nbbo_20140108",WRDS Complete NBBO - Supplements NYSE Official NBBOs
tr_ibes,Thomson Reuters IBES Historical Estimates (Global),Analyst estimates and forecast-related data.,https://wrds-www.wharton.upenn.edu/data-dictionary/tr_ibes/,166,3546089804,763159592960,710.75 GiB,2808,160,"act_epsint, act_epsus, act_xepsint, act_xepsus, actg",I/B/E/S Detail History - Actuals File (EPS for International Region) (Updated 2026-03-12)
boardex_na,BoardEx - North America,"Board members, executives, and leadership network data.",https://wrds-www.wharton.upenn.edu/data-dictionary/boardex_na/,39,2772351630,676007387136,629.58 GiB,681,0,"na_board_characteristics, na_board_dir_announcements, na_board_dir_committees, na_board_education_assoc, na_board_listed_assoc",
etfg_constituents,ETF Global Constituents,ETF holdings and constituent data.,https://wrds-www.wharton.upenn.edu/data-dictionary/etfg_constituents/,1,2405349376,522533748736,486.65 GiB,17,1,constituents,ETF Global Fund Constituents (Updated 2026-03-04)
tr_ownership,Thomson Reuters Global OP Ownership,"Financial markets, ownership, or event data from Thomson Reuters/Refinitiv.",https://wrds-www.wharton.upenn.edu/data-dictionary/tr_ownership/,44,2885519498,500514119680,466.14 GiB,432,43,"chars, ownastalloc, ownastcode, owncode, owncon",Refintiv Ownership Asset Allocation (Updated 2026-03-03)
markit_cds,Markit Credit Default Swap,Credit default swap and credit-index data.,https://wrds-www.wharton.upenn.edu/data-dictionary/markit_cds/,28,1119543868,366454218752,341.29 GiB,4328,22,"cds2001, cds2002, cds2003, cds2004, cds2005",Markit CDS 2001 (Updated 2025-01-14)
factset_own,Factset Ownership LionShares,Institutional and fund ownership data.,https://wrds-www.wharton.upenn.edu/data-dictionary/factset_own/,34,1559350287,321032847360,298.99 GiB,294,32,"own_ent_13f_combined_inst, own_ent_13f_filing_hist, own_ent_13f_subfiler_inst, own_ent_address, own_ent_coverage",This table contains those institutions that FactSet LionShares has designated aggregate management entities for specific 13F filers.  The FactSet_Filer_Entity_ID represents those institutions that Lio (Updated 2025-12-18)
ravenpack_dj,RavenPack - Dow Jones Edition,"News analytics, sentiment, and event data.",https://wrds-www.wharton.upenn.edu/data-dictionary/ravenpack_dj/,55,765098762,317888585728,296.06 GiB,2863,0,"djpr_chars, rpa_djpr_equities_2000, rpa_djpr_equities_2001, rpa_djpr_equities_2002, rpa_djpr_equities_2003",
taqmsamp_all,Sample Millisecond TAQ,Sample or trial version of dataset data.,https://wrds-www.wharton.upenn.edu/data-dictionary/taqmsamp_all/,58,2203115103,281323872256,262.00 GiB,641,6,"arca_idf_x100_20211004, arca_idf_x100_20211005, arca_idf_x101_20211004, arca_idf_x101_20211005, arca_idf_x102_20211004",TAQ Quotes
tr_common,,"Financial markets, ownership, or event data from Thomson Reuters/Refinitiv.",https://wrds-www.wharton.upenn.edu/data-dictionary/tr_common/,30,2133703727,241585635328,224.99 GiB,223,28,"gsecmapx, gsecmstrx, gsecsdlchg, permcincusipdata, permcode",Global Security Map (Updated 2026-03-11)
taqsamp_all,NYSE Trades and Quotes Sample,Sample or trial version of dataset data.,https://wrds-www.wharton.upenn.edu/data-dictionary/taqsamp_all/,14,2174649690,237069770752,220.79 GiB,139,14,"cq0002, cq_20080107, cq_20080108, cq_20080109, cq_20080110",Dummy dataset for Consolidate quotes (Updated 2025-01-14)
crsp_a_stock,CRSP Stock (Annual),"Security prices, returns, delistings, and market history data.",https://wrds-www.wharton.upenn.edu/data-dictionary/crsp_a_stock/,95,1238841816,211065643008,196.57 GiB,2007,58,"dse, dseall, dsedelist, dsedist, dseexchdates",Daily Stock - Events (Updated 2025-02-08)
contrib_general,Contributed Data,Contributed research dataset hosted on WRDS.,https://wrds-www.wharton.upenn.edu/data-dictionary/contrib_general/,20,1145993024,183644594176,171.03 GiB,209,7,"_states_, arc, as_firm_risks, better_beta, blocksv",Accounting Reporting Complexity (Updated 2025-10-17)
crsp_q_mutualfunds,CRSP Mutual Funds (Quarterly),"Mutual fund returns, holdings, and fund characteristics.",https://wrds-www.wharton.upenn.edu/data-dictionary/crsp_q_mutualfunds/,29,1045422569,150253584384,139.93 GiB,351,27,"contact_info, crsp_cik_map, crsp_portno_map, daily_nav, daily_nav_ret",Current and historical contact information (Updated 2026-02-01)
trace_enhanced,FINRA TRACE Enhanced,Corporate bond trade reporting data.,https://wrds-www.wharton.upenn.edu/data-dictionary/trace_enhanced/,14,580734321,141774970880,132.04 GiB,434,10,"absmasterfile, camasterfile, cmomasterfile, mbsmasterfile, tbamasterfile","Masterfile of Corporate, Church, Agency Bond, ELN - Current with Date Ranges (Updated 2026-03-11)"
comp_global_daily,Compustat Global - daily updates,Company financial statements and fundamentals data.,https://wrds-www.wharton.upenn.edu/data-dictionary/comp_global_daily/,125,728007747,137271377920,127.84 GiB,8718,123,"dd_group, dd_group_xref, dd_item, dd_package, g_chars",Data Group (Updated 2026-03-13)
tr_mutualfunds,LSEG Mutual Funds Holdings,"Financial markets, ownership, or event data from Thomson Reuters/Refinitiv.",https://wrds-www.wharton.upenn.edu/data-dictionary/tr_mutualfunds/,10,777930047,123512627200,115.03 GiB,73,10,"s12, s12names, s12type1, s12type2, s12type3",Thomson-Reuters Mutual Fund Holdings (Updated 2026-02-03)
trace_standard,FINRA TRACE corporate bond trades,Corporate bond trade reporting data.,https://wrds-www.wharton.upenn.edu/data-dictionary/trace_standard/,23,463587141,112372744192,104.66 GiB,736,19,"absmasterfile, camasterfile, cmomasterfile, mbsmasterfile, tbamasterfile","Masterfile of Corporate, Church, Agency Bond, ELN - Current with Date Ranges (Updated 2026-02-17)"
wrdsapps_bondret,WRDS Bond Returns,Bond return dataset created by WRDS.,https://wrds-www.wharton.upenn.edu/data-dictionary/wrdsapps_bondret/,4,613607098,99919536128,93.06 GiB,179,2,"bondret, bondret_std, trace_enhanced_clean, trace_standard_clean",WRDS Bond Returns (Updated 2026-02-27)
comp_na_daily_all,Compustat North America - daily updates (current + historical data),Company financial statements and fundamentals data.,https://wrds-www.wharton.upenn.edu/data-dictionary/comp_na_daily_all/,206,626837795,97604812800,90.90 GiB,14840,201,"aco_amda, aco_imda, aco_indfnta, aco_indfntq, aco_indfntytd",Annual Financial Notes (Updated 2026-03-13)
comp_snapshot,Compustat Snapshot,Company financial statements and fundamentals data.,https://wrds-www.wharton.upenn.edu/data-dictionary/comp_snapshot/,125,625884561,89059885056,82.94 GiB,10045,121,"chars, cs_items, csco_aaudit, csco_afnd, csco_afntind",Compustat Snapshot Items (Updated 2026-03-05)
msrb_all,MSRB - Municipal Securities Transaction Data,Municipal bond transaction data.,https://wrds-www.wharton.upenn.edu/data-dictionary/msrb_all/,3,216213812,85003747328,79.17 GiB,54,2,"msrb, msrb_lookup, msrb_qvards",MSRB's daily municipal market trade data (Updated 2026-02-27)
contrib_global_factor,Global Factor Data,Contributed research dataset hosted on WRDS.,https://wrds-www.wharton.upenn.edu/data-dictionary/contrib_global_factor/,4,131377170,82085371904,76.45 GiB,857,1,"ctff_chars, ctff_daily_ret, ctff_features, global_factor",Global Factor Data (Updated 2025-04-02)
fisd_fisd,Mergent FISD Database,"Bond reference, issuance, and fixed-income security data.",https://wrds-www.wharton.upenn.edu/data-dictionary/fisd_fisd/,59,312271821,76289163264,71.05 GiB,853,59,"fisd_agent, fisd_amount_outstanding, fisd_amt_out_hist, fisd_announced_call, fisd_bankruptcy",FISD - Agent File (Updated 2025-08-27)
tr_13f,Thomson Reuters Institutional Managers (13f) Holdings,Institutional holdings from SEC 13F filings.,https://wrds-www.wharton.upenn.edu/data-dictionary/tr_13f/,7,446507976,69940559872,65.14 GiB,66,7,"s34, s34names, s34type1, s34type2, s34type3",Thomson-Reuters 13f Holdings (Updated 2026-02-02)
factset_common,Factset Common Files,Shared reference and lookup tables for FactSet datasets.,https://wrds-www.wharton.upenn.edu/data-dictionary/factset_common/,193,492150545,52580827136,48.97 GiB,688,191,"affiliate_type_map, asset_class_map, audit_type_map, ca_div_freq_qual_map, ca_div_type_map",This table contains a mapping of the codes representing affiliate types to their descriptions. (Updated 2025-12-18)
comp_pit,S&P Compustat Point in Time (Charter Oaks),Company financial statements and fundamentals data.,https://wrds-www.wharton.upenn.edu/data-dictionary/comp_pit/,12,163987140,50458583040,46.99 GiB,1894,12,"pit_hist_date_tablecdn, pit_hist_date_tableus, pit_monthly_date_tablecdn, pit_monthly_date_tableus, pithistdatacdn",Table of dates & calendar qtrs for each gvkey*pointdate*qtrsback combination (Updated 2026-03-05)
ciq_common,Capital IQ Helper,Helper and lookup tables used with the main dataset.,https://wrds-www.wharton.upenn.edu/data-dictionary/ciq_common/,48,293168377,47327600640,44.08 GiB,573,7,"chars, ciqaddress, ciqaddresstype, ciqbusinessdescription, ciqbusinessdescriptionlong",CIQ CIK Linking Table (Updated 2026-03-01)
ciq_pplintel,Capital IQ People Intelligence,"Company fundamentals, transactions, and market intelligence data.",https://wrds-www.wharton.upenn.edu/data-dictionary/ciq_pplintel/,16,177485005,39270129664,36.57 GiB,338,3,"ciqcompensation, ciqcompensationadjustment, ciqcompensationadjustmenttype, ciqcompensationdetail, ciqcompensationsubtype",CIQ People Intelligence Compensation (Updated 2026-03-01)
crsp_a_indexes,CRSP Indexes (Annual),"Equity index levels, returns, and constituents.",https://wrds-www.wharton.upenn.edu/data-dictionary/crsp_a_indexes/,113,491012892,36591599616,34.08 GiB,1650,94,"acti, asia, asib, asic, asio",US Treasury and Inflation - Annual (Updated 2025-02-12)
tr_esg,Refinitiv ESG Data,"Financial markets, ownership, or event data from Thomson Reuters/Refinitiv.",https://wrds-www.wharton.upenn.edu/data-dictionary/tr_esg/,18,114056851,26438533120,24.62 GiB,142,18,"esgasrepdata, esgcode, esgdesc, esgdniratings, esgenvdatapoint",Refinitiv ESG As Reported Data (Updated 2026-03-02)
otc_endofday,OTC Markets End-of-Day Pricing,OTC end-of-day pricing data.,https://wrds-www.wharton.upenn.edu/data-dictionary/otc_endofday/,1,73985088,24606572544,22.92 GiB,44,1,endofday,OTC End-of-Day Pricing (Updated 2026-03-12)
fjc_litigation,Federal Judicial Center Litigation,U.S. federal litigation and court-case data.,https://wrds-www.wharton.upenn.edu/data-dictionary/fjc_litigation/,4,60717843,23437910016,21.83 GiB,363,0,"appeals, bankruptcy, civil, criminal",
etfg_industry,ETF Global Industry,"ETF holdings, flows, and analytics data.",https://wrds-www.wharton.upenn.edu/data-dictionary/etfg_industry/,1,8727372,19307880448,17.98 GiB,56,1,industry,ETF Profile Data (Updated 2026-03-04)
ciq_ratings,Capital IQ Ratings,"Company fundamentals, transactions, and market intelligence data.",https://wrds-www.wharton.upenn.edu/data-dictionary/ciq_ratings/,43,141602062,16839368704,15.68 GiB,443,9,"ratings_ids, spassessmentdata, spassessmentleveldata, spassessmenttype, spentityleveldata",WRDS Ratings IDs (Updated 2026-03-01)
contrib_bond_dickerson,Corporate Bond Data – Dickerson,Contributed research dataset hosted on WRDS.,https://wrds-www.wharton.upenn.edu/data-dictionary/contrib_bond_dickerson/,2,32436003,15847899136,14.76 GiB,183,2,"dickerson_bonds_daily, dickerson_bonds_monthly",Corporate Bond Data – Dickerson Daily (Updated 2026-03-09)
audit_corp_legal,Audit Analytics - Corporate and Legal,"Corporate governance, legal events, and related filing data.",https://wrds-www.wharton.upenn.edu/data-dictionary/audit_corp_legal/,86,30762334,14295810048,13.31 GiB,2624,86,"f13_deleted_keys, f13_lit_legal_case_to_category, f13_lit_legal_category, f13_lit_legal_web_reference, f14_deleted_keys",supporting feed of feed 13 : feed13_deleted_keys (Updated 2026-02-07)
markit_msf_analytics_eqty_euro,Markit Securities Finance - Analytics - Equity - Europe,Securities lending and short-interest data.,https://wrds-www.wharton.upenn.edu/data-dictionary/markit_msf_analytics_eqty_euro/,26,32321758,13783040000,12.84 GiB,1470,15,"euroeqty2002, euroeqty2003, euroeqty2004, euroeqty2005, euroeqty2006",Markit MSF Analytics EUROEQTY 2002 (Updated 2025-01-14)
wrds_abs_samp,WRDS ABS Sample,Sample or trial version of WRDS data.,https://wrds-www.wharton.upenn.edu/data-dictionary/wrds_abs_samp/,4,23054070,13737172992,12.79 GiB,365,4,"autolease, autoloan, cmbs, debtsecurities",Auto Leases - Sample (Updated 2026-02-10)
audit_audit_comp,Audit Analytics - Audit and Compliance,"Audit opinions, auditor changes, fees, and compliance data.",https://wrds-www.wharton.upenn.edu/data-dictionary/audit_audit_comp/,59,7214406,11296120832,10.52 GiB,2791,59,"f01_auditor_affiliate, f01_auditor_event, f01_auditor_event_to_auditor, f01_auditor_event_type, f01_auditor_location",supporting feed of feed 01 : auditor_affiliate (Updated 2026-02-07)
issm_nyam1991,NYSE/AMEX trades and quotes for 1991,Intraday trades and quotes for U.S. equities.,https://wrds-www.wharton.upenn.edu/data-dictionary/issm_nyam1991/,3,99440144,10678509568,9.95 GiB,27,0,"nyam_desc1991, nyam_qt1991, nyam_tr1991",
issm_nyam1990,NYSE/AMEX trades and quotes for 1990,Intraday trades and quotes for U.S. equities.,https://wrds-www.wharton.upenn.edu/data-dictionary/issm_nyam1990/,3,93079748,10338902016,9.63 GiB,27,0,"nyam_desc1990, nyam_qt1990, nyam_tr1990",
issm_nyam1992,NYSE/AMEX trades and quotes for 1992,Intraday trades and quotes for U.S. equities.,https://wrds-www.wharton.upenn.edu/data-dictionary/issm_nyam1992/,3,97964260,10243842048,9.54 GiB,27,0,"nyam_desc1992, nyam_qt1992, nyam_tr1992",
revelio_samp,Revelio Sample,Sample or trial version of Revelio data.,https://wrds-www.wharton.upenn.edu/data-dictionary/revelio_samp/,17,56067845,8991752192,8.37 GiB,236,0,"company_mapping, individual_positions, individual_positions_raw, individual_role_lookup, individual_user",
tr_dealscan,Thomson Reuters DealScan,"Financial markets, ownership, or event data from Thomson Reuters/Refinitiv.",https://wrds-www.wharton.upenn.edu/data-dictionary/tr_dealscan/,31,10239041,8646795264,8.05 GiB,693,26,"borrowerbase, chars, company, currfacpricing, dealamendment",BORROWERBASE (Updated 2025-01-14)
wrdsapps_patents,WRDS Patent Database,WRDS-developed research or utility dataset.,https://wrds-www.wharton.upenn.edu/data-dictionary/wrdsapps_patents/,3,58631352,6869606400,6.40 GiB,32,0,"uspatents_citations, uspatents_gvkey_linking, uspatents_meta",
issm_nyam1989,NYSE/AMEX trades and quotes for 1989,Intraday trades and quotes for U.S. equities.,https://wrds-www.wharton.upenn.edu/data-dictionary/issm_nyam1989/,3,63191065,6696689664,6.24 GiB,27,0,"nyam_desc1989, nyam_qt1989, nyam_tr1989",
bank_all,WRDS Bank Regulatory Database,Regulatory filings and financial data for U.S. banks.,https://wrds-www.wharton.upenn.edu/data-dictionary/bank_all/,21,9171202,6414909440,5.97 GiB,9323,21,"wrds_bank_crsp_link, wrds_bank_reg_vars, wrds_call_rcfa_1, wrds_call_rcfd_1, wrds_call_rcfd_2",WRDS Bank Regulatory and CRSP Link (Updated 2025-07-18)
wrdssec_midas,MIDAS,"SEC filing text, metadata, and linking-table data.",https://wrds-www.wharton.upenn.edu/data-dictionary/wrdssec_midas/,1,18663756,6086909952,5.67 GiB,26,0,security,
issm_nyam1987,NYSE/AMEX trades and quotes for 1987,Intraday trades and quotes for U.S. equities.,https://wrds-www.wharton.upenn.edu/data-dictionary/issm_nyam1987/,3,53495509,5599092736,5.21 GiB,27,0,"nyam_desc1987, nyam_qt1987, nyam_tr1987",
issm_nyam1988,NYSE/AMEX trades and quotes for 1988,Intraday trades and quotes for U.S. equities.,https://wrds-www.wharton.upenn.edu/data-dictionary/issm_nyam1988/,3,52713606,5587304448,5.20 GiB,27,0,"nyam_desc1988, nyam_qt1988, nyam_tr1988",
issm_nyam1986,NYSE/AMEX trades and quotes for 1986,Intraday trades and quotes for U.S. equities.,https://wrds-www.wharton.upenn.edu/data-dictionary/issm_nyam1986/,3,52099207,4890607616,4.55 GiB,27,0,"nyam_desc1986, nyam_qt1986, nyam_tr1986",
wrdsapps_subsidiary,WRDS Company Subsidiaries,WRDS-developed research or utility dataset.,https://wrds-www.wharton.upenn.edu/data-dictionary/wrdsapps_subsidiary/,2,12306709,4620083200,4.30 GiB,109,0,"chars, wrds_relationships",
issm_nyam1983,NYSE/AMEX trades and quotes for 1983,Intraday trades and quotes for U.S. equities.,https://wrds-www.wharton.upenn.edu/data-dictionary/issm_nyam1983/,3,43361504,4580171776,4.27 GiB,27,0,"nyam_desc1983, nyam_qt1983, nyam_tr1983",
issm_nyam1985,NYSE/AMEX trades and quotes for 1985,Intraday trades and quotes for U.S. equities.,https://wrds-www.wharton.upenn.edu/data-dictionary/issm_nyam1985/,3,39866654,4224761856,3.93 GiB,27,0,"nyam_desc1985, nyam_qt1985, nyam_tr1985",
contrib_bond_firm_link,Bond-Firm Link by Fang,Linking table for matching identifiers across datasets.,https://wrds-www.wharton.upenn.edu/data-dictionary/contrib_bond_firm_link/,2,27298848,3437527040,3.20 GiB,10,2,"fang_link, fang_link_old",Bond-Firm Link (Updated 2026-03-11)
issm_nyam1984,NYSE/AMEX trades and quotes for 1984,Intraday trades and quotes for U.S. equities.,https://wrds-www.wharton.upenn.edu/data-dictionary/issm_nyam1984/,3,31254540,3325173760,3.10 GiB,27,0,"nyam_desc1984, nyam_qt1984, nyam_tr1984",
wrdsapps_backtest_basic,WRDS Backtest Basic,WRDS backtesting research tool or derived analytics data.,https://wrds-www.wharton.upenn.edu/data-dictionary/wrdsapps_backtest_basic/,2,6836017,3192135680,2.97 GiB,128,2,"mastertable, signals_raw_basic",WRDS Quantitative Factors - Master Data (Updated 2025-03-05)
compsamp_snapshot,Compustat Snapshot - Sample,Sample or trial company fundamentals data.,https://wrds-www.wharton.upenn.edu/data-dictionary/compsamp_snapshot/,10,2043311,2881839104,2.68 GiB,4849,0,"chars, wrds_cs_names, wrds_csa_pit, wrds_csa_pit_sorted, wrds_csa_restated",
issm_nasd1992,NASDAQ trades and quotes for 1992,Intraday trades and quotes for U.S. equities.,https://wrds-www.wharton.upenn.edu/data-dictionary/issm_nasd1992/,3,27629487,2858164224,2.66 GiB,27,0,"nasd_desc1992, nasd_qt1992, nasd_tr1992",
wrdsapps_backtest_plus,WRDS Backtest Plus,WRDS backtesting research tool or derived analytics data.,https://wrds-www.wharton.upenn.edu/data-dictionary/wrdsapps_backtest_plus/,1,3418072,2783125504,2.59 GiB,128,1,signals_raw_plus,WRDS Quantitative Factors - Signals Data Plus Package (Updated 2025-03-05)
doe_all,SEC Disclosure of Order Execution Statistics,SEC order-execution disclosure statistics.,https://wrds-www.wharton.upenn.edu/data-dictionary/doe_all/,2,7730012,2660720640,2.48 GiB,35,1,"doe, doenames",Rule 11Ac1-5 (Updated 2025-01-14)
wrdsapps_link_crsp_taqm,Linking Suite: TAQ Daily - CRSP,Linking table for matching identifiers across datasets.,https://wrds-www.wharton.upenn.edu/data-dictionary/wrdsapps_link_crsp_taqm/,2,27730564,2543771648,2.37 GiB,16,0,"taqmclink, taqmclink_cusip_2010",
wrdsapps_finratio_ibes_ccm,WRDS Financial Ratios with Ibes and CCM,Analyst estimates and forecast-related data.,https://wrds-www.wharton.upenn.edu/data-dictionary/wrdsapps_finratio_ibes_ccm/,2,3121537,2473000960,2.30 GiB,104,0,"firm_ratio_ibes_ccm, id_ibes_ccm",
wrdsapps_finratio_ccm,WRDS Financial Ratios with CCM,Precomputed firm financial ratio dataset.,https://wrds-www.wharton.upenn.edu/data-dictionary/wrdsapps_finratio_ccm/,2,3121537,2453815296,2.29 GiB,102,0,"firm_ratio_ccm, id_ccm",
issm_nasd1991,NASDAQ trades and quotes for 1991,Intraday trades and quotes for U.S. equities.,https://wrds-www.wharton.upenn.edu/data-dictionary/issm_nasd1991/,3,22452601,2345099264,2.18 GiB,27,0,"nasd_desc1991, nasd_qt1991, nasd_tr1991",
wrdsapps_finratio_ibes,WRDS Financial Ratios with Ibes,Analyst estimates and forecast-related data.,https://wrds-www.wharton.upenn.edu/data-dictionary/wrdsapps_finratio_ibes/,2,2943597,2261442560,2.11 GiB,104,0,"firm_ratio_ibes, id_ibes",
wrdsapps_finratio,WRDS Financial Ratios (base),Precomputed firm financial ratio dataset.,https://wrds-www.wharton.upenn.edu/data-dictionary/wrdsapps_finratio/,2,2943597,2246918144,2.09 GiB,102,0,"firm_ratio, id",
trsamp_dsfut,Datastream Futures - Sample Data,Sample or trial version of Thomson Reuters/Refinitiv data.,https://wrds-www.wharton.upenn.edu/data-dictionary/trsamp_dsfut/,5,13829239,2124840960,1.98 GiB,101,0,"dsfutcontrinfo, wrds_contract_info, wrds_cseries_info, wrds_fut_contract, wrds_fut_series",
crspsamp_mf,CRSP Mutual Fund Sample,Sample or trial CRSP market data.,https://wrds-www.wharton.upenn.edu/data-dictionary/crspsamp_mf/,16,21753201,1894686720,1.76 GiB,264,0,"contact_info, daily_nav_ret, dividends, front_load, front_load_grp",
etfg_analytics,ETF Global Analytics,"ETF holdings, flows, and analytics data.",https://wrds-www.wharton.upenn.edu/data-dictionary/etfg_analytics/,1,7099172,1869357056,1.74 GiB,34,1,analytics,ETF Global Proprietary Analytics (Updated 2026-03-04)
comp_segments_hist_daily,Compustat Historical Segments - daily updates,Company financial statements and fundamentals data.,https://wrds-www.wharton.upenn.edu/data-dictionary/comp_segments_hist_daily/,14,13477273,1758208000,1.64 GiB,271,11,"names_seg, seg_ann, seg_annfund, seg_customer, seg_geo",Name File - Segments (Updated 2026-03-13)
issm_nasd1987,NASDAQ trades and quotes for 1987,Intraday trades and quotes for U.S. equities.,https://wrds-www.wharton.upenn.edu/data-dictionary/issm_nasd1987/,2,17554590,1747705856,1.63 GiB,18,0,"nasd_qt1987, nasd_tr1987",
issm_nasd1990,NASDAQ trades and quotes for 1990,Intraday trades and quotes for U.S. equities.,https://wrds-www.wharton.upenn.edu/data-dictionary/issm_nasd1990/,3,15936432,1688297472,1.57 GiB,27,0,"nasd_desc1990, nasd_qt1990, nasd_tr1990",
comp_execucomp,S&P Compustat Executive Compensation,Executive compensation data linked to companies.,https://wrds-www.wharton.upenn.edu/data-dictionary/comp_execucomp/,15,3332689,1657364480,1.54 GiB,585,15,"anncomp, codirfin, colev, coperol, deferredcomp",Merged aggregate level Execucomp data (Updated 2026-03-04)
fisd_naic,Mergent FISD transactions,Bond transaction data.,https://wrds-www.wharton.upenn.edu/data-dictionary/fisd_naic/,1,8201080,1641209856,1.53 GiB,21,1,naic_bond_transactions,Bond transactions reported by property and life insurers to state insurance departments (Updated 2025-08-27)
crsp_a_treasuries,CRSP Treasuries (Annual),"Security prices, returns, delistings, and market history data.",https://wrds-www.wharton.upenn.edu/data-dictionary/crsp_a_treasuries/,64,14883907,1501659136,1.40 GiB,846,18,"bmdebt, bmheader, bmpaymts, bmquotes, bmyield",Daily Time Series Items (Updated 2026-02-06)
wrdsapps_evtstudy_int,Event Study Intl using Compustat,WRDS event-study tool or output dataset.,https://wrds-www.wharton.upenn.edu/data-dictionary/wrdsapps_evtstudy_int/,2,58925,1403297792,1.31 GiB,7,0,"intl_market_values, intl_security_returns",
issm_nasd1989,NASDAQ trades and quotes for 1989,Intraday trades and quotes for U.S. equities.,https://wrds-www.wharton.upenn.edu/data-dictionary/issm_nasd1989/,2,12905451,1286201344,1.20 GiB,18,0,"nasd_qt1989, nasd_tr1989",
issm_nasd1988,NASDAQ trades and quotes for 1988,Intraday trades and quotes for U.S. equities.,https://wrds-www.wharton.upenn.edu/data-dictionary/issm_nasd1988/,2,11771945,1174953984,1.09 GiB,18,0,"nasd_qt1988, nasd_tr1988",
wrdsappssamp_all,WRDS Research Application Samples,Sample or trial version of dataset data.,https://wrds-www.wharton.upenn.edu/data-dictionary/wrdsappssamp_all/,12,12600211,1064058880,1014.77 MiB,49,0,"ccmxpf_lnkhist, ciqkeydev, ciqkeydevint, country, dsedelist",
etfg_fund_flow,ETF Global Fund Flow,ETF fund-flow data.,https://wrds-www.wharton.upenn.edu/data-dictionary/etfg_fund_flow/,1,9430315,1028374528,980.73 MiB,6,1,fund_flow,ETF Global Daily Fund Flows (Updated 2026-03-04)
gutenberg,Project Gutenberg,Public-domain book text data.,https://wrds-www.wharton.upenn.edu/data-dictionary/gutenberg/,1,3020,883695616,842.76 MiB,5,0,gutenberg_book,
ravenpack_common,RavenPack - Common Files (for all RavenPack subscribers),Shared reference and lookup tables for RavenPack datasets.,https://wrds-www.wharton.upenn.edu/data-dictionary/ravenpack_common/,10,11140644,833093632,794.50 MiB,104,0,"common_chars, rpa_company_mappings, rpa_entity_mappings, rpa_source_list, rpa_taxonomy",
contrib_as_filed_financials,Contributed Database: As-Filed Financial Statement Data,Contributed research dataset hosted on WRDS.,https://wrds-www.wharton.upenn.edu/data-dictionary/contrib_as_filed_financials/,5,3914967,827744256,789.40 MiB,146,5,"funda_asfiled, structure_asfiled, tag_bs, tag_cf, tag_is",As-Filed Fundamentals Annual (Updated 2025-01-14)
audit_acct_os,Audit Analytics - Accounting and Oversight,Accounting restatement and oversight-related audit data.,https://wrds-www.wharton.upenn.edu/data-dictionary/audit_acct_os/,64,3817777,773087232,737.27 MiB,1134,64,"f56_acc_est_cha_fil, f56_acc_est_tax, f56_acc_est_to_tax, f74_aqrm_company_flags, f74_fee_sup_acc_est_cha",supporting feed of feed 56 : accounting_estimates_change_filings (Updated 2026-02-07)
contrib_corporate_bond_returns,Contributed Corporate Bond Returns,Contributed research dataset hosted on WRDS.,https://wrds-www.wharton.upenn.edu/data-dictionary/contrib_corporate_bond_returns/,2,3375332,755703808,720.70 MiB,37,0,"bonds, firms",
comp_bank_daily,Compustat Bank - daily updates,Company financial statements and fundamentals data.,https://wrds-www.wharton.upenn.edu/data-dictionary/comp_bank_daily/,20,1702382,704479232,671.84 MiB,5066,19,"bank_aacctchg, bank_adesind, bank_afnd1, bank_afnd2, bank_afnddc1",Bank Annual Accounting Adoption (Updated 2026-03-13)
crsp_a_ccm,CRSP/Compustat Merged (Annual),Company financial statements and fundamentals data.,https://wrds-www.wharton.upenn.edu/data-dictionary/crsp_a_ccm/,12,1976691,578584576,551.78 MiB,221,11,"ccm_lookup, ccm_qvards, ccmxpf_linktable, ccmxpf_lnkhist, ccmxpf_lnkrng",For web query CODE_LOOKUP use only (Updated 2026-02-06)
wrdsapps_evtstudy_us,Event Study US,WRDS event-study tool or output dataset.,https://wrds-www.wharton.upenn.edu/data-dictionary/wrdsapps_evtstudy_us/,2,37788,559816704,533.88 MiB,6,0,"usa_market_values, usa_security_returns",
wrdsapps_plink_boardex_ciq,,WRDS-developed research or utility dataset.,https://wrds-www.wharton.upenn.edu/data-dictionary/wrdsapps_plink_boardex_ciq/,2,1893125,524402688,500.11 MiB,46,2,"boardex_ciq, boardex_ciq_link",Boardex CIQ people link with company information (Updated 2025-02-24)
secsamp_all,WRDS SEC Platform Sample,Sample or trial version of dataset data.,https://wrds-www.wharton.upenn.edu/data-dictionary/secsamp_all/,34,4520187,522436608,498.23 MiB,649,17,"_forms_, _names_, _qvards_, _regtypes_, bow_2022",WRDS-SEC Platform - Names Lookup Dataset (Updated 2025-01-14)
wrdsapps_evtstudy_lr,Event Study Long Run,WRDS event-study tool or output dataset.,https://wrds-www.wharton.upenn.edu/data-dictionary/wrdsapps_evtstudy_lr/,2,3230657,499851264,476.70 MiB,18,0,"_eq_2_bm_, crspm",
crspsamp_all,CRSP Sample,Sample or trial CRSP market data.,https://wrds-www.wharton.upenn.edu/data-dictionary/crspsamp_all/,47,1673672,431726592,411.73 MiB,1227,42,"ccm_qvards, ccmlinktable_trial, ccmnames_trial, ccmxpf_lnkhist, comphead",CCM Linktable - Sample (Updated 2025-01-14)
audit_common,Audit Analytics - Common Tables,Shared reference and lookup tables for Audit Analytics datasets.,https://wrds-www.wharton.upenn.edu/data-dictionary/audit_common/,1,468847,410648576,391.62 MiB,253,1,feed12_company_block,feed12_company_block (Updated 2026-02-07)
trsamp_dsecon,Datastream Economics - Sample Data,Sample or trial version of Thomson Reuters/Refinitiv data.,https://wrds-www.wharton.upenn.edu/data-dictionary/trsamp_dsecon/,3,5948340,399319040,380.82 MiB,62,0,"ecodata, ecoinfo, wrds_ecoinfo",
contrib_kpss,KPSS Technological Innovation,Contributed research dataset hosted on WRDS.,https://wrds-www.wharton.upenn.edu/data-dictionary/contrib_kpss/,2,5900610,379969536,362.37 MiB,10,0,"kpss_patents, kpss_permco_link",
factsamp_revere,Factset Revere - Trial / Sample,Sample or trial FactSet data.,https://wrds-www.wharton.upenn.edu/data-dictionary/factsamp_revere/,12,1610906,334258176,318.77 MiB,344,0,"chars, wrds_company, wrds_company_hist, wrds_company_segrev_detail, wrds_company_segrev_report",
wrdsapps_link_crsp_taq,Linking Suite: TAQ Monthly - CRSP,Linking table for matching identifiers across datasets.,https://wrds-www.wharton.upenn.edu/data-dictionary/wrdsapps_link_crsp_taq/,1,1988835,314195968,299.64 MiB,10,0,tclink,
iss_va_vote_us,ISS Voting Analytics - Company Vote Results US,"ESG, climate, and stewardship screening data.",https://wrds-www.wharton.upenn.edu/data-dictionary/iss_va_vote_us/,3,887341,307912704,293.65 MiB,181,0,"chars, chars_us, vavoteresults",
contrib_char_returns,Contributed Data - Characteristic Returns,Contributed research dataset hosted on WRDS.,https://wrds-www.wharton.upenn.edu/data-dictionary/contrib_char_returns/,1,2578736,294076416,280.45 MiB,7,1,char_returns,Characteristic Returns (Updated 2025-01-14)
fisd_common,Mergent Common Files,Shared reference and lookup tables for Mergent FISD datasets.,https://wrds-www.wharton.upenn.edu/data-dictionary/fisd_common/,1,710097,281223168,268.20 MiB,75,1,issue_issuer,FISD - ID lookup table (Updated 2025-08-27)
dmef_all,Direct Marketing Educational Foundation,Direct marketing industry and educational research data.,https://wrds-www.wharton.upenn.edu/data-dictionary/dmef_all/,4,403567,242417664,231.19 MiB,632,4,"setfour, setone, setthree, settwo",DMEF Academic Data Set Four (Updated 2025-01-14)
ciqsamp_ratings,Capital IQ Sample Ratings,Sample or trial version of Capital IQ data.,https://wrds-www.wharton.upenn.edu/data-dictionary/ciqsamp_ratings/,18,946094,241156096,229.98 MiB,516,9,"ratings_ids, ratings_ids_trial, wrds_eassessment, wrds_eassessment_trial, wrds_entity_info",CIQ Ratings IDs Sample (Updated 2025-10-13)
ciqsamp_common,Capital IQ Sample Helper,Sample or trial version of Capital IQ data.,https://wrds-www.wharton.upenn.edu/data-dictionary/ciqsamp_common/,13,1146986,211304448,201.52 MiB,419,7,"chars, wrds_cik, wrds_cik_trial, wrds_ciqsymbol, wrds_ciqsymbol_primary",CIQ CIK Linking Table Sample (Updated 2025-10-13)
risk_directors,ISS (formerly RiskMetrics) Directors Data,"Global directors, boards, and governance statistics.",https://wrds-www.wharton.upenn.edu/data-dictionary/risk_directors/,5,486257,189210624,180.45 MiB,171,1,"committee96_97, committee_numbers_97, directors, dirnames, rmdirectors",RiskMetrics - Directors Legacy Data (1996 - 2006) (Updated 2025-01-14)
boardex_trial,BoardEx Trial / Sample,Sample or trial version of BoardEx data.,https://wrds-www.wharton.upenn.edu/data-dictionary/boardex_trial/,40,790813,175874048,167.73 MiB,747,0,"jr_board_characteristics, jr_board_dir_announcements, jr_board_dir_committees, jr_board_education_assoc, jr_board_listed_assoc",
mpsych_sample,MarketPsych Sample,Sample or trial version of MarketPsych data.,https://wrds-www.wharton.upenn.edu/data-dictionary/mpsych_sample/,1,434390,141328384,134.78 MiB,515,1,sample,MarketPsych sample covering all asset types (Updated 2025-03-21)
factsamp_all,Factset sample,Sample or trial FactSet data.,https://wrds-www.wharton.upenn.edu/data-dictionary/factsamp_all/,28,492707,130940928,124.88 MiB,10231,0,"funds, monthly_prices_final_int, monthly_prices_final_int_sample, monthly_prices_final_usc, monthly_prices_final_usc_sample",
mrktsamp_msf,Markit Securities Finance (MSF) Trial,Sample or trial version of dataset data.,https://wrds-www.wharton.upenn.edu/data-dictionary/mrktsamp_msf/,11,368521,129417216,123.42 MiB,760,0,"amereqty2011, amereqtyi2011, chars, corpbond2011, corporatebonds2011",
ciqsamp_pplintel,Capital IQ Sample People Intelligence,Sample or trial version of Capital IQ data.,https://wrds-www.wharton.upenn.edu/data-dictionary/ciqsamp_pplintel/,14,606534,116072448,110.70 MiB,598,3,"wrds_cik_trial, wrds_compensation, wrds_compensation_trial, wrds_compensationdetails, wrds_compensationdetails_trial",CIQ People Intelligence Compensation Sample (Updated 2025-10-13)
ibessamp_kpi,IBES Key Performance Indicators Sample,Sample or trial version of dataset data.,https://wrds-www.wharton.upenn.edu/data-dictionary/ibessamp_kpi/,9,676954,114483200,109.18 MiB,152,0,"act_kpiint, act_kpius, chars, companies, det_kpiint",
phlx_all,Philadelphia Stock Exchange Currency Options and Implied Volatility,Currency options and implied-volatility data.,https://wrds-www.wharton.upenn.edu/data-dictionary/phlx_all/,2,492877,112295936,107.09 MiB,37,2,"coph, iv",Currency Options (Updated 2025-01-14)
ciqsamp_keydev,Capital IQ Sample Key Developments,Sample or trial version of Capital IQ data.,https://wrds-www.wharton.upenn.edu/data-dictionary/ciqsamp_keydev/,3,206972,99811328,95.19 MiB,61,0,"ciqkeydev, wrds_keydev_div_trial, wrds_keydev_trial",
contrib_liquidity_taq,Contributed Database: Measures of Liquidity in TAQ,Contributed research dataset hosted on WRDS.,https://wrds-www.wharton.upenn.edu/data-dictionary/contrib_liquidity_taq/,2,748373,91013120,86.80 MiB,15,2,"bbd, ilc",Trade-Time Measures of Liquidity (Updated 2025-05-30)
contrib_liva,Contributed Database: LIVA,Contributed research dataset hosted on WRDS.,https://wrds-www.wharton.upenn.edu/data-dictionary/contrib_liva/,1,531795,81141760,77.38 MiB,10,0,liva,
trsamp_ds_eq,Datastream Equities Sample,Sample or trial version of Thomson Reuters/Refinitiv data.,https://wrds-www.wharton.upenn.edu/data-dictionary/trsamp_ds_eq/,8,624534,80265216,76.55 MiB,157,0,"ds2mktval, ds2primqtprc, ds2primqtri, wrds_ds2dsf, wrds_ds_indexconstmerged_dly",
wrdsapps_link_crsp_factset,Linking Suite: Factset - CRSP,Linking table for matching identifiers across datasets.,https://wrds-www.wharton.upenn.edu/data-dictionary/wrdsapps_link_crsp_factset/,1,312867,79257600,75.59 MiB,18,0,fscrsplink,
snlsamp_fig,,,,4,41384,70287360,67.03 MiB,441,0,"chars, wrds_fig_flowperiod_primary, wrds_fig_stockperiod_primary, wrds_institutions",
wrdsapps_windices,WRDS World Indices,WRDS-developed research or utility dataset.,https://wrds-www.wharton.upenn.edu/data-dictionary/wrdsapps_windices/,3,670401,60596224,57.79 MiB,21,3,"dwcountryreturns, mwcountryreturns, wcountryconstituents",Daily Country Returns (Updated 2026-02-18)
fjc_linking,Federal Judicial Center Linking,Linking table for matching identifiers across datasets.,https://wrds-www.wharton.upenn.edu/data-dictionary/fjc_linking/,3,353290,54501376,51.98 MiB,30,0,"wrds_bankruptcy_link, wrds_civil_link, wrds_criminal_link",
wrdsapps_eushort,WRDS EU Short Sales,WRDS-developed research or utility dataset.,https://wrds-www.wharton.upenn.edu/data-dictionary/wrdsapps_eushort/,1,414276,53829632,51.34 MiB,10,0,eushort,
totalq_all,Total q by Luke Taylor,Firm-level total q / valuation measure dataset.,https://wrds-www.wharton.upenn.edu/data-dictionary/totalq_all/,1,477619,50651136,48.30 MiB,8,1,total_q,Peters and Taylor Total Q (Updated 2025-01-14)
bank_premium_samp,WRDS Bank Research Suite Sample,Sample or trial version of WRDS Bank Regulatory data.,https://wrds-www.wharton.upenn.edu/data-dictionary/bank_premium_samp/,9,163006,44236800,42.19 MiB,1734,0,"bic_to_lei, idrssd_to_lei, isin_to_lei, lei_main, rel_main",
iri_all,IRI Marketing Fact Book,Retail scanner and marketing fact-book data.,https://wrds-www.wharton.upenn.edu/data-dictionary/iri_all/,15,203902,44081152,42.04 MiB,795,15,"db1983, db1984, db1985, db1986, db1987",1983 Marketing Fact Book (Updated 2025-01-14)
wrdsapps_link_crsp_bond,Linking Suite: Bond - CRSP,Linking table for matching identifiers across datasets.,https://wrds-www.wharton.upenn.edu/data-dictionary/wrdsapps_link_crsp_bond/,1,358312,43900928,41.87 MiB,9,1,bondcrsp_link,Bond CRSP Link (Updated 2026-02-26)
macrofin_comm_trade,Macro Finance Society,Macro-finance research dataset or derived research product.,https://wrds-www.wharton.upenn.edu/data-dictionary/macrofin_comm_trade/,24,502026,39428096,37.60 MiB,156,3,"cay, financial_uncertainty, fxdata, importportfolios, macro_uncertainty",Foreign Exchange Data (Updated 2025-01-14)
calcbench_trial,Calcbench Trial / Sample,Sample or trial version of Calcbench data.,https://wrds-www.wharton.upenn.edu/data-dictionary/calcbench_trial/,3,128402,39378944,37.55 MiB,34,0,"breakout, entity_names, normalized_fn",
sustainalyticssamp_all,Sustainalytics Trial / Sample,Sample or trial version of dataset data.,https://wrds-www.wharton.upenn.edu/data-dictionary/sustainalyticssamp_all/,9,171500,37945344,36.19 MiB,767,5,"chars, esgrr_clusters, esgrr_focus, esgrr_indicators, esgrr_meis",Sample of ESG Risk Rating Clusters data (Updated 2025-10-31)
compsamp_all,S&P Compustat North America Sample,Sample or trial company fundamentals data.,https://wrds-www.wharton.upenn.edu/data-dictionary/compsamp_all/,11,171886,37535744,35.80 MiB,3532,1,"company, compsamp, funda, funda_fncd, fundq",Combined Industrial Annual - 500 Company Sample (Updated 2025-01-14)
wrdsapps_link_supplychain,Linking Suite: Supply Chain,Linking table for matching identifiers across datasets.,https://wrds-www.wharton.upenn.edu/data-dictionary/wrdsapps_link_supplychain/,2,252887,37298176,35.57 MiB,24,0,"seed_20180418, seglink",
zacksamp_all,Zacks Investment Research Sample Data,Sample or trial version of dataset data.,https://wrds-www.wharton.upenn.edu/data-dictionary/zacksamp_all/,17,344516,35643392,33.99 MiB,166,0,"company_info, eps_actuals, eps_cons_daily, eps_cons_weekly, eps_detail",
wrds_mutualfund_samp,WRDS Mutual Fund Sample,Sample or trial version of WRDS data.,https://wrds-www.wharton.upenn.edu/data-dictionary/wrds_mutualfund_samp/,21,213887,34594816,32.99 MiB,405,0,"fund_12b1_payments, fund_administrator, fund_adviser, fund_advisory_contract, fund_alt_investment",
contrib_intangible_value,Contributed Database: Intangible Value,Contributed research dataset hosted on WRDS.,https://wrds-www.wharton.upenn.edu/data-dictionary/contrib_intangible_value/,2,189726,33882112,32.31 MiB,16,0,"int_factors, int_xsec",
preqsamp_all,Preqin Sample Database,Sample or trial version of dataset data.,https://wrds-www.wharton.upenn.edu/data-dictionary/preqsamp_all/,11,73297,29876224,28.49 MiB,305,0,"benchmarks, buyoutdealsdetails, cashflow, funddetails, fundhistoricperformance",
wrdsapps_plink_exec_boardex,,WRDS-developed research or utility dataset.,https://wrds-www.wharton.upenn.edu/data-dictionary/wrdsapps_plink_exec_boardex/,2,113096,29769728,28.39 MiB,39,2,"exec_boardex, exec_boardex_link",Execucomp Boardex people link with company information (Updated 2025-02-24)
mrktsamp_cds,Markit Credit Default Swap Sample,Sample or trial version of dataset data.,https://wrds-www.wharton.upenn.edu/data-dictionary/mrktsamp_cds/,2,113641,28459008,27.14 MiB,242,0,"cds2011, chars",
wrdsapps_plink_exec_ciq,,WRDS-developed research or utility dataset.,https://wrds-www.wharton.upenn.edu/data-dictionary/wrdsapps_plink_exec_ciq/,2,118747,28205056,26.90 MiB,34,2,"exec_ciq, exec_ciq_link",Execomp CIQ people link with company information (Updated 2025-02-24)
fisdsamp_all,Mergent FISD sample,Sample or trial version of Mergent FISD data.,https://wrds-www.wharton.upenn.edu/data-dictionary/fisdsamp_all/,9,124611,27557888,26.28 MiB,490,0,"fisd_issue_samp, fisd_issuer_samp, fisd_mergedissue_samp, fisd_mergedissuer_samp, fisd_mergedredemption_samp",
cboe_sample,CBOE Options End of Day Sample,Sample or trial options market data.,https://wrds-www.wharton.upenn.edu/data-dictionary/cboe_sample/,7,170278,25821184,24.62 MiB,77,0,"eqhvol, eqmaster, eqprice, ivlisted, optcontract",
ciqsamp_capstrct,Capital IQ Sample Capital Structure,Sample or trial version of Capital IQ data.,https://wrds-www.wharton.upenn.edu/data-dictionary/ciqsamp_capstrct/,5,68379,21676032,20.67 MiB,301,3,"wrds_debt, wrds_debt_trial, wrds_equity, wrds_equity_trial, wrds_summary",CIQ Capital Structure Debt Sample (Updated 2025-10-13)
msrbsamp_all,MSRB Trial/Sample - Municipal Securities Transaction Data,Sample or trial version of dataset data.,https://wrds-www.wharton.upenn.edu/data-dictionary/msrbsamp_all/,1,84163,19537920,18.63 MiB,21,1,msrb_trial,MSRB\x1As daily municipal market trade data - Trial 02/18/2015 to 02/19/2015 (Updated 2025-01-14)
etfg_samp,ETF Global - Sample,Sample or trial version of ETF Global data.,https://wrds-www.wharton.upenn.edu/data-dictionary/etfg_samp/,4,91269,19406848,18.51 MiB,113,0,"analytics, constituents, fund_flow, industry",
twoiq_samp,2iQ Trial / Sample,Sample or trial version of 2iQ data.,https://wrds-www.wharton.upenn.edu/data-dictionary/twoiq_samp/,3,49355,18391040,17.54 MiB,103,0,"chars, insiderfeedglobal, insiderfeedglobalaggregated",
trsamp_dscom,Datastream Commodities - Sample Data,Sample or trial version of Thomson Reuters/Refinitiv data.,https://wrds-www.wharton.upenn.edu/data-dictionary/trsamp_dscom/,3,247740,17670144,16.85 MiB,69,0,"dscminfo, wrds_cmdy_data, wrds_cmdy_info",
block_all,Blockholders Database,Large shareholder and ownership-stake data.,https://wrds-www.wharton.upenn.edu/data-dictionary/block_all/,3,62925,17170432,16.38 MiB,112,0,"block, block2, blockw",
risk_governance,ISS (formerly RiskMetrics) Corporate Takeover Defense and Governance Data,"ESG, climate, and stewardship screening data.",https://wrds-www.wharton.upenn.edu/data-dictionary/risk_governance/,6,48628,16539648,15.77 MiB,290,1,"gset, rm_gov_2010, rm_gov_2011, rm_gov_2012, rm_gov_2013",RiskMetrics - Governance Lagacy Data (1990 - 2006) (Updated 2025-01-14)
pwt_all,The Penn World Tables Database,Cross-country macroeconomic data.,https://wrds-www.wharton.upenn.edu/data-dictionary/pwt_all/,7,78081,16392192,15.63 MiB,198,1,"na, na70, pwt61, pwt62, pwt63",National Accounts 7.0 (Updated 2025-01-14)
frb_all,Federal Reserve Board rates,Federal Reserve interest-rate and policy data.,https://wrds-www.wharton.upenn.edu/data-dictionary/frb_all/,4,41962,12615680,12.03 MiB,257,4,"fx_daily, fx_monthly, rates_daily, rates_monthly",Exchange Rate Daily (Updated 2025-02-19)
ciqsamp_transactions,CIQ Transactions Sample,Sample or trial version of Capital IQ data.,https://wrds-www.wharton.upenn.edu/data-dictionary/ciqsamp_transactions/,12,40151,12484608,11.91 MiB,484,12,"wrds_consideration_financials, wrds_offerings, wrds_offerings_advisors, wrds_offerings_feat, wrds_offerings_proceeds",CIQ Transaction Consideration Financials (Updated 2025-11-18)
ff_all,Fama-French portfolios and factors,Research portfolios and factor return data.,https://wrds-www.wharton.upenn.edu/data-dictionary/ff_all/,12,74313,12238848,11.67 MiB,245,10,"factors_china, factors_daily, factors_monthly, fivefactors_daily, fivefactors_monthly",Fama-French Daily Research Factors (Source: Ken French Website) (Updated 2026-03-13)
risk_proposals,ISS (formerly RiskMetrics) Shareholder Proposals (Legacy),"ESG, climate, and stewardship screening data.",https://wrds-www.wharton.upenn.edu/data-dictionary/risk_proposals/,3,39414,11812864,11.27 MiB,78,0,"chars_props, proposals, proposals_legacy",
risksamp_all,ISS (formerly RiskMetrics) Trial / Sample Subsets,Sample or trial version of dataset data.,https://wrds-www.wharton.upenn.edu/data-dictionary/risksamp_all/,27,34372,11763712,11.22 MiB,632,0,"beneown, bhown, chars, companyfy, comppeer",
ftsesamp_russell_us,FTSE Russell Sample,Sample or trial version of dataset data.,https://wrds-www.wharton.upenn.edu/data-dictionary/ftsesamp_russell_us/,3,45411,11698176,11.16 MiB,117,0,"ctr_monthly_us, idx_holdings_us, rgs_sw_us",
csmsamp_all,CSMAR Sample,Sample or trial version of CSMAR data.,https://wrds-www.wharton.upenn.edu/data-dictionary/csmsamp_all/,7,62697,11550720,11.02 MiB,414,0,"combas, csmar_t_co, csmar_t_dalyr, csmar_t_mnth, fund_maininfo",
trsamp_db_wb,D&B’s Global Archive/WorldBase - Sample Version,Sample or trial version of Thomson Reuters/Refinitiv data.,https://wrds-www.wharton.upenn.edu/data-dictionary/trsamp_db_wb/,8,15733,11288576,10.77 MiB,620,0,"dandb_wb_ap_business_2023, dandb_wb_ap_delete_2023, dandb_wb_ap_link_2023, dandb_wb_ap_unlnk_2023, dandb_wb_eu_business_2023",
wrdsapps_link_crsp_optionm,Linking Suite: Optionmetrics - CRSP,Linking table for matching identifiers across datasets.,https://wrds-www.wharton.upenn.edu/data-dictionary/wrdsapps_link_crsp_optionm/,1,121773,10092544,9.62 MiB,5,1,opcrsphist,Option Metrics CRSP History Link (Updated 2026-02-16)
trsamp_all,Thomson Reuters Samples,Sample or trial version of Thomson Reuters/Refinitiv data.,https://wrds-www.wharton.upenn.edu/data-dictionary/trsamp_all/,13,22699,9953280,9.49 MiB,1514,0,"det_guidance, productperformance, wrds_company_cg, wrds_company_ec, wrds_company_en",
infraclear_samp,Sample data of Infraclear,Sample or trial version of dataset data.,https://wrds-www.wharton.upenn.edu/data-dictionary/infraclear_samp/,5,45321,8290304,7.91 MiB,46,5,"contract_organization_sample, contract_sample, key_values_sample, organization_sample, project_sample",Organizations Associated with Contracts - Sample (Updated 2025-11-07)
contrib_corporate_culture,Contributed Database of corporate culture scores,Contributed research dataset hosted on WRDS.,https://wrds-www.wharton.upenn.edu/data-dictionary/contrib_corporate_culture/,1,74391,8241152,7.86 MiB,8,1,corp_culture,LMSY Corporate Culture (Updated 2024-12-10)
trsamp_worldscope,Thomson Reuters Worldscope - Sample/Trial,Sample or trial version of Thomson Reuters/Refinitiv data.,https://wrds-www.wharton.upenn.edu/data-dictionary/trsamp_worldscope/,8,7155,7626752,7.27 MiB,1339,0,"wrds_ws_company, wrds_ws_funda, wrds_ws_fundq, wrds_ws_ids, wrds_ws_pension",
iss_va_shareholder,ISS Voting Analytics - Shareholder Proposals,"ESG, climate, and stewardship screening data.",https://wrds-www.wharton.upenn.edu/data-dictionary/iss_va_shareholder/,3,21765,7307264,6.97 MiB,180,0,"chars, chars_pro, va_proposals",
optionmsamp_us,OptionMetrics Sample / Trial - IvyDB US,Sample or trial options market data.,https://wrds-www.wharton.upenn.edu/data-dictionary/optionmsamp_us/,12,39775,7069696,6.74 MiB,118,0,"distrd, exchgd, hvold2014, opinfd, opprcd2014",
rq_all,Research Quotient,Firm innovation or research-productivity measure.,https://wrds-www.wharton.upenn.edu/data-dictionary/rq_all/,1,54149,6717440,6.41 MiB,8,1,rq_data,Research Quotient (Updated 2025-03-12)
msci_esg_samp,MSCI Sustainability Scores and Ratings Sample,Sample or trial version of MSCI data.,https://wrds-www.wharton.upenn.edu/data-dictionary/msci_esg_samp/,3,10358,6529024,6.23 MiB,512,1,"msci_esg_expanded, msci_esg_ratings, msci_esg_summary",MSCI ESG Ratings for Global Equities Historical Data Sample (Updated 2026-01-08)
optionmsamp_europe,OptionMetrics Sample / Trial - IvyDB Europe,Sample or trial options market data.,https://wrds-www.wharton.upenn.edu/data-dictionary/optionmsamp_europe/,12,38861,6103040,5.82 MiB,153,0,"distribution, historical_volatility, option_history, option_price_2013, optionmeurnames",
aha_sample,AHA Sample,Sample or trial version of AHA data.,https://wrds-www.wharton.upenn.edu/data-dictionary/aha_sample/,4,1083,5931008,5.66 MiB,2455,3,"annual_survey, hcris, it_survey, summary_of_changes",Sample of HCRIS (Updated 2025-09-04)
auditsmp_all,Audit Analytics Trial,Sample or trial version of Audit Analytics data.,https://wrds-www.wharton.upenn.edu/data-dictionary/auditsmp_all/,15,1491,5881856,5.61 MiB,2988,0,"accfiler, auditcblock, auditchange, auditfees, auditfeesr",
wrds_environmental_samp,WRDS Environmental Sample,Sample or trial version of WRDS data.,https://wrds-www.wharton.upenn.edu/data-dictionary/wrds_environmental_samp/,4,6621,4431872,4.23 MiB,1256,4,"wrds_air, wrds_facilities, wrds_geography, wrds_water",WRDS Environmental Air Sample Table (Updated 2025-08-18)
trsamp_sdc_ni,Thomson Reuters SDC Trial / Sample - New Issues,Sample or trial version of Thomson Reuters/Refinitiv data.,https://wrds-www.wharton.upenn.edu/data-dictionary/trsamp_sdc_ni/,1,6647,4407296,4.20 MiB,158,0,ni_details,
wrds_shortvolume_samp,WRDS Short Volume Sample,Sample or trial version of WRDS data.,https://wrds-www.wharton.upenn.edu/data-dictionary/wrds_shortvolume_samp/,2,15883,4202496,4.01 MiB,47,0,"chars, wrds_shortvolume_samp",
wrds_insiders_samp,WRDS Insiders Sample,Sample or trial version of WRDS data.,https://wrds-www.wharton.upenn.edu/data-dictionary/wrds_insiders_samp/,15,9079,4046848,3.86 MiB,382,0,"fdic_derivatives, fdic_document_info, fdic_footnotes, fdic_nonderivatives, fdic_reporting_owners",
wrdsapps_link_crsp_ibes,Linking Suite: Ibes - CRSP,Linking table for matching identifiers across datasets.,https://wrds-www.wharton.upenn.edu/data-dictionary/wrdsapps_link_crsp_ibes/,1,37662,3940352,3.76 MiB,6,1,ibcrsphist,IBES CRSP Historical Linking Table (Updated 2026-02-16)
trsamp_sdc_ma,Thomson Reuters SDC Trial / Sample - M&A,Sample or trial version of Thomson Reuters/Refinitiv data.,https://wrds-www.wharton.upenn.edu/data-dictionary/trsamp_sdc_ma/,3,4539,3678208,3.51 MiB,200,0,"ma_advisors, ma_details, ma_events",
tr_sdc_samples,,Sample or trial version of Thomson Reuters/Refinitiv data.,https://wrds-www.wharton.upenn.edu/data-dictionary/tr_sdc_samples/,12,6227,3284992,3.13 MiB,575,0,"calldata, deals_data, maturity, ratings, sdc_joint_ventures",
djones_all,Dow Jones Averages & Total Return Indexes,Dow Jones index level and total-return data.,https://wrds-www.wharton.upenn.edu/data-dictionary/djones_all/,2,30502,2883584,2.75 MiB,22,1,"djdaily, djmonthly",Dow Jones Averages Monthly (Updated 2025-01-14)
trucost_samp,Trucost Sample,Sample or trial version of Trucost data.,https://wrds-www.wharton.upenn.edu/data-dictionary/trucost_samp/,15,4363,2482176,2.37 MiB,555,13,"_chars_, wrds_carbon_data, wrds_carbon_forecast, wrds_companies, wrds_data_items",Sample Trucost Carbon Earnings at Risk Data Table
bvd_orbis_trial,BvD Orbis Sample,Sample or trial version of BvD Amadeus/Orbis data.,https://wrds-www.wharton.upenn.edu/data-dictionary/bvd_orbis_trial/,9,4402,2252800,2.15 MiB,1125,9,"ob_all_cur_shh_1st_level_lms, ob_all_subs_first_level_lms, ob_banks_g_fins_usd_int_lms, ob_banks_g_fins_usd_lms, ob_ins_g_fins_usd_lms",Sample Orbis: all current shareholders 1st level (Updated 2025-01-14)
pitchsmp,Pitchbook Private Equity and Venture Capital - sample data,Sample or trial version of dataset data.,https://wrds-www.wharton.upenn.edu/data-dictionary/pitchsmp/,19,2239,2170880,2.07 MiB,626,0,"pitchbk_qvards, wrds_company, wrds_companybuysiderelation, wrds_companycompetitorrel, wrds_companyemployeehistrel",
wrdsapps_link_crsp_comp_bdx,Linking Suite: Boardex - Compustat - CRSP,Linking table for matching identifiers across datasets.,https://wrds-www.wharton.upenn.edu/data-dictionary/wrdsapps_link_crsp_comp_bdx/,1,12561,1884160,1.80 MiB,6,1,bdxcrspcomplink,BoardEx CRSP Compustat Link (Updated 2026-02-26)
cboe_all,Daily pricing of the VIX (Volatility Index) from Cboe,VIX volatility-index pricing data.,https://wrds-www.wharton.upenn.edu/data-dictionary/cboe_all/,1,10656,1597440,1.52 MiB,17,1,cboe,CBOE Volatility Indexes (Updated 2026-03-01)
reprisk_sample,RepRisk - Sample / Trial,Sample or trial version of RepRisk data.,https://wrds-www.wharton.upenn.edu/data-dictionary/reprisk_sample/,11,2613,1392640,1.33 MiB,221,11,"pm_company_identifiers, pm_issue_data, pm_location_data, pm_news_data, pm_rri_data",RepRisk Trial: Company Identifiers (Updated 2025-01-14)
public_all,Publicly Available Data,Collection of publicly available reference data.,https://wrds-www.wharton.upenn.edu/data-dictionary/public_all/,11,2626,1236992,1.18 MiB,206,0,"exp_per_event_table1, exp_per_event_table2, meps_exp_per_event_table1, meps_exp_per_event_table2, meps_top_prescribed",
hfrsamp_hfrdb,HFR Sample (non-identifiers),Sample or trial version of dataset data.,https://wrds-www.wharton.upenn.edu/data-dictionary/hfrsamp_hfrdb/,7,14019,1081344,1.03 MiB,84,7,"asset, fund, hfri_const, hfrx_const, instrument",Fund Assets (Updated 2025-01-14)
infogroupsamp_business,Infogroup Sample - Business,Sample or trial version of dataset data.,https://wrds-www.wharton.upenn.edu/data-dictionary/infogroupsamp_business/,3,8510,1073152,1.02 MiB,109,0,"abi_ticker_map, business, business_chars",
bvd_bvdbankf_trial,BvD Bank Focus Trial,Sample or trial version of BvD Amadeus/Orbis data.,https://wrds-www.wharton.upenn.edu/data-dictionary/bvd_bvdbankf_trial/,6,1369,999424,976.00 KiB,1089,0,"bvdbankf_bank, bvdbankf_financials, bvdbankf_ish_guo_duo, bvdbankf_qvards, bvdbankf_stock_annual",
bvd_amadeus_trial,BvD Amadeus Trial,Sample or trial version of BvD Amadeus/Orbis data.,https://wrds-www.wharton.upenn.edu/data-dictionary/bvd_amadeus_trial/,3,1021,843776,824.00 KiB,297,2,"amadeus_qvards, trial_amadeus_financials_v, trial_amadeus_v",Financials information (Updated 2025-01-14)
ciqsamp_transcripts,Capital IQ Sample Transcripts,Sample or trial version of Capital IQ data.,https://wrds-www.wharton.upenn.edu/data-dictionary/ciqsamp_transcripts/,2,2109,753664,736.00 KiB,32,0,"wrds_transcript_detail, wrds_transcript_person",
morningstarsamp_cisdm,Morningstar CISDM sample,Sample or trial version of dataset data.,https://wrds-www.wharton.upenn.edu/data-dictionary/morningstarsamp_cisdm/,2,11750,696320,680.00 KiB,147,0,"active_fund_info, active_returns_assets",
wrdsapps_link_comp_eushort,Linking Suite: Compustat - European Short Data,Linking table for matching identifiers across datasets.,https://wrds-www.wharton.upenn.edu/data-dictionary/wrdsapps_link_comp_eushort/,1,4618,466944,456.00 KiB,6,0,compeushortlink,
mrktsamp_cdx,Markit Credit Indices (CDX) Trial,Sample or trial version of dataset data.,https://wrds-www.wharton.upenn.edu/data-dictionary/mrktsamp_cdx/,2,1722,425984,416.00 KiB,119,0,"cdxcomps, cdxconst",
trsamp_esg,Refinitiv ESG - Sample Version,Sample or trial version of Thomson Reuters/Refinitiv data.,https://wrds-www.wharton.upenn.edu/data-dictionary/trsamp_esg/,1,1002,237568,232.00 KiB,17,0,wrds_ref_esg,
candid_samp,Sample/Trial version of Candid,Sample or trial version of Candid data.,https://wrds-www.wharton.upenn.edu/data-dictionary/candid_samp/,1,30,221184,216.00 KiB,78,1,candid_3_year,trial/sample version of candid_3_year (Updated 2025-04-18)
contrib_ceo_turnover,Contributed Database: CEO Turnover,Contributed research dataset hosted on WRDS.,https://wrds-www.wharton.upenn.edu/data-dictionary/contrib_ceo_turnover/,1,1438,221184,216.00 KiB,7,1,ceo_turnover,Forced CEO Turnover (Updated 2025-01-14)
rstat_samp,Sample of RoyaltyStat Royalties,Sample or trial version of RoyaltyStat data.,https://wrds-www.wharton.upenn.edu/data-dictionary/rstat_samp/,1,13,114688,112.00 KiB,36,1,royalties,Sample of RoyaltyStat Royalties (Updated 2025-01-14)
ims_obp_trial,IMS - SK&A Office Based Premium Trial,Sample or trial version of IMS/SK&A data.,https://wrds-www.wharton.upenn.edu/data-dictionary/ims_obp_trial/,2,50,90112,88.00 KiB,290,0,"chars, obp_premium",
trsamp_db_dmi,D&B U.S. DMI - Sample Version,Sample or trial version of Thomson Reuters/Refinitiv data.,https://wrds-www.wharton.upenn.edu/data-dictionary/trsamp_db_dmi/,1,100,73728,72.00 KiB,57,0,dandb_dmi_us_2023,
infogroupsamp_residential,Infogroup Sample - Residential,Sample or trial version of dataset data.,https://wrds-www.wharton.upenn.edu/data-dictionary/infogroupsamp_residential/,1,100,65536,64.00 KiB,67,0,residential,
wrdsapps_evtstudy_int_ginsight,,,,1,48,40960,40.00 KiB,6,0,country,
public,,,,1,0,0,0 B,20,0,temp,
